"date","SP500","VIX","US10Y"
2005-01-01,1186.18994140625,13.4899997711182,4.28499984741211
2005-01-08,1184.52001953125,12.4300003051758,4.21600008010864
2005-01-15,1167.86999511719,14.3599996566772,4.14200019836426
2005-01-22,1171.35998535156,13.2399997711182,4.13800001144409
2005-01-29,1203.03002929688,11.210000038147,4.07299995422363
2005-02-05,1205.30004882812,11.4300003051758,4.09499979019165
2005-02-12,1201.58996582031,11.1800003051758,4.26000022888184
2005-02-19,1211.36999511719,11.4899997711182,4.27199983596802
2005-02-26,1222.11999511719,11.9399995803833,4.30999994277954
2005-03-05,1200.07995605469,12.8000001907349,4.53499984741211
2005-03-12,1189.65002441406,13.1400003433228,4.51100015640259
2005-03-19,1171.42004394531,13.4200000762939,4.59100008010864
2005-03-26,1172.92004394531,14.0900001525879,4.45100021362305
2005-04-02,1181.19995117188,12.6199998855591,4.49100017547607
2005-04-09,1142.61999511719,17.7399997711182,4.27099990844727
2005-04-16,1152.11999511719,15.3800001144409,4.25500011444092
2005-04-23,1156.84997558594,15.3100004196167,4.20100021362305
2005-04-30,1171.34997558594,14.0500001907349,4.26599979400635
2005-05-07,1154.05004882812,16.3199996948242,4.12099981307983
2005-05-14,1189.28002929688,13.1400003433228,4.125
2005-05-21,1198.78002929688,12.1499996185303,4.07299995422363
2005-05-28,1196.02001953125,12.1499996185303,3.97900009155273
2005-06-04,1198.10998535156,11.960000038147,4.04699993133545
2005-06-11,1216.9599609375,11.4799995422363,4.07800006866455
2005-06-18,1191.56994628906,12.1800003051758,3.91400003433228
2005-06-25,1194.43994140625,11.3999996185303,4.04899978637695
2005-07-02,1211.85998535156,11.4499998092651,4.10900020599365
2005-07-09,1227.92004394531,10.3299999237061,4.17500019073486
2005-07-16,1233.68005371094,10.5200004577637,4.22300004959106
2005-07-23,1234.18005371094,11.5699996948242,4.28599977493286
2005-07-30,1226.42004394531,12.4799995422363,4.39200019836426
2005-08-06,1230.39001464844,12.7399997711182,4.23799991607666
2005-08-13,1219.7099609375,13.4200000762939,4.21099996566772
2005-08-20,1205.09997558594,13.7200002670288,4.18900012969971
2005-08-27,1218.02001953125,13.5699996948242,4.02899980545044
2005-09-03,1241.47998046875,11.9799995422363,4.1230001449585
2005-09-10,1237.91003417969,11.2200002670288,4.26200008392334
2005-09-17,1215.2900390625,12.960000038147,4.2480001449585
2005-09-24,1228.81005859375,11.9200000762939,4.32800006866455
2005-10-01,1195.90002441406,14.5900001525879,4.36100006103516
2005-10-08,1186.56994628906,14.8699998855591,4.49100017547607
2005-10-15,1179.58996582031,16.1299991607666,4.3899998664856
2005-10-22,1198.41003417969,14.25,4.56699991226196
2005-10-29,1220.14001464844,13.1700000762939,4.65700006484985
2005-11-05,1234.71997070312,11.6300001144409,4.56400012969971
2005-11-12,1248.27001953125,11.1199998855591,4.5019998550415
2005-11-19,1268.25,10.8800001144409,4.43100023269653
2005-11-26,1265.07995605469,11.0100002288818,4.51900005340576
2005-12-03,1259.36999511719,11.6899995803833,4.53700017929077
2005-12-10,1267.31994628906,10.6800003051758,4.44799995422363
2005-12-17,1268.66003417969,10.2700004577637,4.38000011444092
2005-12-24,1248.2900390625,12.0699996948242,4.39499998092651
2005-12-31,1285.44995117188,11,4.37900018692017
2006-01-07,1287.60998535156,11.2299995422363,4.34999990463257
2006-01-14,1261.48999023438,14.5600004196167,4.36100006103516
2006-01-21,1283.71997070312,11.9700002670288,4.50299978256226
2006-01-28,1264.03002929688,12.960000038147,4.53299999237061
2006-02-04,1266.98999023438,12.8699998855591,4.58099985122681
2006-02-11,1287.23999023438,12.0100002288818,4.54099988937378
2006-02-18,1289.43005371094,11.460000038147,4.56699991226196
2006-02-25,1287.22998046875,11.960000038147,4.68400001525879
2006-03-04,1281.42004394531,11.8500003814697,4.75500011444092
2006-03-11,1307.25,12.1199998855591,4.67399978637695
2006-03-18,1302.94995117188,11.1899995803833,4.67500019073486
2006-03-25,1294.86999511719,11.3900003433228,4.85300016403198
2006-04-01,1295.5,12.2600002288818,4.96299982070923
2006-04-08,1289.11999511719,12.3800001144409,5.03599977493286
2006-04-15,1311.28002929688,11.5900001525879,5.01200008392334
2006-04-22,1310.60998535156,11.5900001525879,5.06899976730347
2006-04-29,1325.76000976562,11.6199998855591,5.10799980163574
2006-05-06,1291.23999023438,14.1899995803833,5.18599987030029
2006-05-13,1267.03002929688,17.1800003051758,5.05399990081787
2006-05-20,1280.16003417969,14.2600002288818,5.05200004577637
2006-05-27,1288.21997070312,14.3199996948242,4.99399995803833
2006-06-03,1252.30004882812,18.1200008392334,4.98099994659424
2006-06-10,1251.5400390625,17.25,5.12799978256226
2006-06-17,1244.5,15.8900003433228,5.22800016403198
2006-06-24,1270.19995117188,13.0799999237061,5.13800001144409
2006-07-01,1265.47998046875,13.9700002670288,5.13199996948242
2006-07-08,1236.19995117188,18.0499992370605,5.05900001525879
2006-07-15,1240.2900390625,17.3999996185303,5.04500007629395
2006-07-22,1278.55004882812,14.3299999237061,4.98999977111816
2006-07-29,1279.35998535156,14.3400001525879,4.90100002288818
2006-08-05,1266.73999023438,14.3000001907349,4.96700000762939
2006-08-12,1302.30004882812,11.6400003433228,4.83500003814697
2006-08-19,1295.08996582031,12.3100004196167,4.79099988937378
2006-08-26,1311.01000976562,11.960000038147,4.72599983215332
2006-09-02,1298.92004394531,13.1599998474121,4.77099990844727
2006-09-09,1319.66003417969,11.7600002288818,4.7979998588562
2006-09-16,1314.78002929688,12.5900001525879,4.59700012207031
2006-09-23,1335.84997558594,11.9799995422363,4.63299989700317
2006-09-30,1349.58996582031,11.5600004196167,4.69600009918213
2006-10-07,1365.61999511719,10.75,4.80600023269653
2006-10-14,1368.59997558594,10.6300001144409,4.78399991989136
2006-10-21,1377.33996582031,10.8000001907349,4.67500019073486
2006-10-28,1364.30004882812,11.1599998474121,4.71500015258789
2006-11-04,1380.90002441406,10.789999961853,4.58599996566772
2006-11-11,1401.19995117188,10.0500001907349,4.60699987411499
2006-11-18,1400.94995117188,10.7299995422363,4.5479998588562
2006-11-25,1396.7099609375,11.6599998474121,4.42500019073486
2006-12-02,1409.83996582031,12.0699996948242,4.55200004577637
2006-12-09,1427.08996582031,10.0500001907349,4.59700012207031
2006-12-16,1410.76000976562,11.3599996566772,4.62400007247925
2006-12-23,1418.30004882812,11.5600004196167,4.71000003814697
2006-12-30,1409.7099609375,12.1400003433228,4.64599990844727
2007-01-06,1430.72998046875,10.1499996185303,4.77099990844727
2007-01-13,1430.5,10.3999996185303,4.77299976348877
2007-01-20,1422.18005371094,11.1300001144409,4.87900018692017
2007-01-27,1448.39001464844,10.0799999237061,4.8270001411438
2007-02-03,1438.06005859375,11.1000003814697,4.78399991989136
2007-02-10,1455.5400390625,10.0200004577637,4.69000005722046
2007-02-17,1451.18994140625,10.5799999237061,4.67799997329712
2007-02-24,1387.17004394531,18.6100006103516,4.5149998664856
2007-03-03,1402.83996582031,14.0900001525879,4.58900022506714
2007-03-10,1386.94995117188,16.7900009155273,4.54500007629395
2007-03-17,1436.10998535156,12.9499998092651,4.61299991607666
2007-03-24,1420.85998535156,14.6400003433228,4.64799976348877
2007-03-31,1443.76000976562,13.2299995422363,4.67399978637695
2007-04-07,1452.84997558594,12.1999998092651,4.76100015640259
2007-04-14,1484.34997558594,12.0699996948242,4.67199993133545
2007-04-21,1494.06994628906,12.4499998092651,4.69799995422363
2007-04-28,1505.61999511719,12.9099998474121,4.6399998664856
2007-05-05,1505.84997558594,12.9499998092651,4.67000007629395
2007-05-12,1522.75,12.7600002288818,4.80399990081787
2007-05-19,1515.72998046875,13.3400001525879,4.86100006103516
2007-05-26,1536.33996582031,12.7799997329712,4.95599985122681
2007-06-02,1507.67004394531,14.8400001525879,5.11800003051758
2007-06-09,1532.91003417969,13.9399995803833,5.1710000038147
2007-06-16,1502.56005859375,15.75,5.13800001144409
2007-06-23,1503.34997558594,16.2299995422363,5.03299999237061
2007-06-30,1530.43994140625,14.7200002670288,5.19500017166138
2007-07-07,1552.5,15.1499996185303,5.10699987411499
2007-07-14,1534.09997558594,16.9500007629395,4.95599985122681
2007-07-21,1458.94995117188,24.1700000762939,4.78800010681152
2007-07-28,1433.06005859375,25.1599998474121,4.69999980926514
2007-08-04,1453.64001464844,28.2999992370605,4.77600002288818
2007-08-11,1445.93994140625,29.9899997711182,4.6729998588562
2007-08-18,1479.36999511719,20.7199993133545,4.63299989700317
2007-08-25,1473.98999023438,23.3799991607666,4.53700017929077
2007-09-01,1453.55004882812,26.2299995422363,4.36800003051758
2007-09-08,1484.25,24.9200000762939,4.46199989318848
2007-09-15,1525.75,19,4.63199996948242
2007-09-22,1526.75,18,4.5789999961853
2007-09-29,1557.58996582031,16.9099998474121,4.6399998664856
2007-10-06,1561.80004882812,17.7299995422363,4.68699979782104
2007-10-13,1500.63000488281,22.9599990844727,4.40100002288818
2007-10-20,1535.28002929688,19.5599994659424,4.38899993896484
2007-10-27,1509.65002441406,23.0100002288818,4.29099988937378
2007-11-03,1453.69995117188,28.5,4.22499990463257
2007-11-10,1458.73999023438,25.4899997711182,4.15000009536743
2007-11-17,1440.69995117188,25.6100006103516,4.01200008392334
2007-11-24,1481.14001464844,22.8700008392334,3.97199988365173
2007-12-01,1504.66003417969,20.8500003814697,4.11999988555908
2007-12-08,1467.94995117188,23.2700004577637,4.23199987411499
2007-12-15,1484.4599609375,18.4699993133545,4.16800022125244
2007-12-22,1478.48999023438,20.7399997711182,4.09600019454956
2007-12-29,1411.63000488281,23.9400005340576,3.85400009155273
2008-01-05,1401.02001953125,23.6800003051758,3.80999994277954
2008-01-12,1325.18994140625,27.1800003051758,3.64800000190735
2008-01-19,1330.60998535156,29.0799999237061,3.58400011062622
2008-01-26,1395.42004394531,24.0200004577637,3.59999990463257
2008-02-02,1331.2900390625,28.0100002288818,3.65400004386902
2008-02-09,1349.98999023438,25.0200004577637,3.77999997138977
2008-02-16,1353.10998535156,24.0599994659424,3.78999996185303
2008-02-23,1330.63000488281,26.5400009155273,3.53399991989136
2008-03-01,1293.36999511719,27.4899997711182,3.54099988937378
2008-03-08,1288.14001464844,31.1599998474121,3.4210000038147
2008-03-15,1329.51000976562,26.6200008392334,3.32800006866455
2008-03-22,1315.21997070312,25.7099990844727,3.46600008010864
2008-03-29,1370.40002441406,22.4500007629395,3.48099994659424
2008-04-05,1332.82995605469,23.4599990844727,3.47099995613098
2008-04-12,1390.32995605469,20.1299991607666,3.74300003051758
2008-04-19,1397.83996582031,19.5900001525879,3.8659999370575
2008-04-26,1413.90002441406,18.1800003051758,3.84500002861023
2008-05-03,1388.28002929688,19.4099998474121,3.76699995994568
2008-05-10,1425.34997558594,16.4699993133545,3.84999990463257
2008-05-17,1375.93005371094,19.5499992370605,3.83100008964539
2008-05-24,1400.38000488281,17.8299999237061,4.0460000038147
2008-05-31,1360.68005371094,23.5599994659424,3.93799996376038
2008-06-07,1360.03002929688,21.2199993133545,4.26100015640259
2008-06-14,1317.93005371094,22.8700008392334,4.13700008392334
2008-06-21,1278.38000488281,23.4400005340576,3.99000000953674
2008-06-28,1262.90002441406,24.7800006866455,3.97300004959106
2008-07-05,1239.48999023438,27.4899997711182,3.94000005722046
2008-07-12,1260.68005371094,24.0499992370605,4.08099985122681
2008-07-19,1257.76000976562,22.9099998474121,4.11100006103516
2008-07-26,1260.31005859375,22.5699996948242,3.94799995422363
2008-08-02,1296.31994628906,20.6599998474121,3.95000004768372
2008-08-09,1298.19995117188,19.5799999237061,3.85199999809265
2008-08-16,1292.19995117188,18.8099994659424,3.86700010299683
2008-08-23,1282.82995605469,20.6499996185303,3.81299996376038
2008-08-30,1242.31005859375,23.0599994659424,3.66000008583069
2008-09-06,1251.69995117188,25.6599998474121,3.73000001907349
2008-09-13,1255.07995605469,32.0699996948242,3.76900005340576
2008-09-20,1213.27001953125,34.7400016784668,3.82699990272522
2008-09-27,1099.22998046875,45.1399993896484,3.64400005340576
2008-10-04,899.219970703125,69.9499969482422,3.86100006103516
2008-10-11,940.549987792969,70.3300018310547,3.93799996376038
2008-10-18,876.77001953125,79.129997253418,3.69700002670288
2008-10-25,968.75,59.8899993896484,3.97000002861023
2008-11-01,930.989990234375,56.0999984741211,3.77999997138977
2008-11-08,873.289978027344,66.3099975585938,3.75
2008-11-15,800.030029296875,72.6699981689453,3.16700005531311
2008-11-22,896.239990234375,55.2799987792969,2.95700001716614
2008-11-29,876.070007324219,59.9300003051758,2.65700006484985
2008-12-06,879.72998046875,54.2799987792969,2.58899998664856
2008-12-13,887.880004882812,44.9300003051758,2.13100004196167
2008-12-20,872.799987792969,43.3800010681152,2.13700008392334
2008-12-27,931.799987792969,39.189998626709,2.41599988937378
2009-01-03,890.349975585938,42.8199996948242,2.40700006484985
2009-01-10,850.119995117188,46.1100006103516,2.30399990081787
2009-01-17,831.950012207031,47.2700004577637,2.62199997901917
2009-01-24,825.880004882812,44.8400001525879,2.84400010108948
2009-01-31,868.599975585938,43.3699989318848,2.97900009155273
2009-02-07,826.840026855469,42.9300003051758,2.88199996948242
2009-02-14,770.049987792969,49.2999992370605,2.7720000743866
2009-02-21,735.090026855469,46.3499984741211,3.04099988937378
2009-02-28,683.380004882812,49.3300018310547,2.82800006866455
2009-03-07,756.549987792969,42.3600006103516,2.88499999046326
2009-03-14,768.539978027344,45.8899993896484,2.625
2009-03-21,815.940002441406,41.0400009155273,2.76099991798401
2009-03-28,842.5,39.7000007629395,2.90700006484985
2009-04-04,856.559997558594,36.5299987792969,2.92600011825562
2009-04-11,869.599975585938,33.939998626709,2.9300000667572
2009-04-18,866.22998046875,36.8199996948242,2.99600005149841
2009-04-25,877.52001953125,35.2999992370605,3.17400002479553
2009-05-02,929.22998046875,32.0499992370605,3.29299998283386
2009-05-09,882.880004882812,33.1199989318848,3.12299990653992
2009-05-16,887,32.6300010681152,3.44799995422363
2009-05-23,919.140014648438,28.9200000762939,3.46499991416931
2009-05-30,940.090026855469,29.6200008392334,3.86199998855591
2009-06-06,946.210021972656,28.1499996185303,3.78800010681152
2009-06-13,921.22998046875,27.9899997711182,3.78900003433228
2009-06-20,918.900024414062,25.9300003051758,3.50600004196167
2009-06-27,896.419982910156,27.9500007629395,3.49499988555908
2009-07-04,879.130004882812,29.0200004577637,3.29500007629395
2009-07-11,940.380004882812,24.3400001525879,3.65100002288818
2009-07-18,979.260009765625,23.0900001525879,3.67000007629395
2009-07-25,987.47998046875,25.9200000762939,3.50099992752075
2009-08-01,1010.47998046875,24.7600002288818,3.85400009155273
2009-08-08,1004.09002685547,24.2700004577637,3.55800008773804
2009-08-15,1026.13000488281,25.0100002288818,3.55599999427795
2009-08-22,1028.93005371094,24.7600002288818,3.45099997520447
2009-08-29,1016.40002441406,25.2600002288818,3.44199991226196
2009-09-05,1042.72998046875,24.1499996185303,3.34299993515015
2009-09-12,1068.30004882812,23.9200000762939,3.47399997711182
2009-09-19,1044.38000488281,25.6100006103516,3.3289999961853
2009-09-26,1025.2099609375,28.6800003051758,3.22099995613098
2009-10-03,1071.48999023438,23.1200008392334,3.3840000629425
2009-10-10,1087.68005371094,21.4300003051758,3.41700005531311
2009-10-17,1079.59997558594,22.2700004577637,3.47499990463257
2009-10-24,1036.18994140625,30.6900005340576,3.39199995994568
2009-10-31,1069.30004882812,24.1900005340576,3.50300002098083
2009-11-07,1093.47998046875,23.3600006103516,3.42899990081787
2009-11-14,1091.38000488281,22.1900005340576,3.35599994659424
2009-11-21,1091.48999023438,24.7399997711182,3.23099994659424
2009-11-28,1105.97998046875,21.25,3.48300004005432
2009-12-05,1106.41003417969,21.5900001525879,3.53999996185303
2009-12-12,1102.46997070312,21.6800003051758,3.5460000038147
2009-12-19,1126.47998046875,19.4699993133545,3.80699992179871
2009-12-26,1115.09997558594,21.6800003051758,3.84299993515015
2010-01-02,1144.97998046875,18.1299991607666,3.80800008773804
2010-01-09,1136.03002929688,17.9099998474121,3.67600011825562
2010-01-16,1091.76000976562,27.3099994659424,3.59800004959106
2010-01-23,1073.86999511719,24.6200008392334,3.60899996757507
2010-01-30,1066.18994140625,26.1100006103516,3.5460000038147
2010-02-06,1075.51000976562,22.7299995422363,3.69300007820129
2010-02-13,1109.17004394531,20.0200004577637,3.78200006484985
2010-02-20,1104.48999023438,19.5,3.59500002861023
2010-02-27,1138.69995117188,17.4200000762939,3.68199992179871
2010-03-06,1149.98999023438,17.5799999237061,3.71000003814697
2010-03-13,1159.90002441406,16.9699993133545,3.68700003623962
2010-03-20,1166.58996582031,17.7700004577637,3.85500001907349
2010-03-27,1178.09997558594,17.4699993133545,3.85899996757507
2010-04-03,1194.36999511719,16.1399993896484,3.88800001144409
2010-04-10,1192.13000488281,18.3600006103516,3.76999998092651
2010-04-17,1217.28002929688,16.6200008392334,3.81699991226196
2010-04-24,1186.68994140625,22.0499992370605,3.66300010681152
2010-05-01,1110.88000488281,40.9500007629395,3.42899990081787
2010-05-08,1135.68005371094,31.2399997711182,3.44199991226196
2010-05-15,1087.68994140625,40.0999984741211,3.20000004768372
2010-05-22,1089.41003417969,32.0699996948242,3.30100011825562
2010-05-29,1064.88000488281,35.4799995422363,3.1949999332428
2010-06-05,1091.59997558594,28.7900009155273,3.21600008010864
2010-06-12,1117.51000976562,23.9500007629395,3.22300004959106
2010-06-19,1076.76000976562,28.5300006866455,3.11299991607666
2010-06-26,1022.58001708984,30.1200008392334,2.97900009155273
2010-07-03,1077.9599609375,24.9799995422363,3.05599999427795
2010-07-10,1064.88000488281,26.25,2.93899989128113
2010-07-17,1102.66003417969,23.4699993133545,2.99399995803833
2010-07-24,1101.59997558594,23.5,2.90700006484985
2010-07-31,1121.64001464844,21.7399997711182,2.82399988174438
2010-08-07,1079.25,26.2399997711182,2.68799996376038
2010-08-14,1071.68994140625,25.4899997711182,2.61199998855591
2010-08-21,1064.58996582031,24.4500007629395,2.65199995040894
2010-08-28,1104.51000976562,21.3099994659424,2.70600008964539
2010-09-04,1109.55004882812,21.9899997711182,2.79500007629395
2010-09-11,1125.58996582031,22.0100002288818,2.74600005149841
2010-09-18,1148.67004394531,21.7099990844727,2.61199998855591
2010-09-25,1146.23999023438,22.5,2.52600002288818
2010-10-02,1165.15002441406,20.7099990844727,2.38100004196167
2010-10-09,1176.18994140625,19.0300006866455,2.57599997520447
2010-10-16,1183.07995605469,18.7800006866455,2.56299996376038
2010-10-23,1183.26000976562,21.2000007629395,2.61199998855591
2010-10-30,1225.84997558594,18.2600002288818,2.53600001335144
2010-11-06,1199.2099609375,20.6100006103516,2.75600004196167
2010-11-13,1199.72998046875,18.0400009155273,2.875
2010-11-20,1189.40002441406,22.2199993133545,2.86400008201599
2010-11-27,1224.7099609375,18.0100002288818,3.01699995994568
2010-12-04,1240.40002441406,17.6100006103516,3.2960000038147
2010-12-11,1243.91003417969,16.1100006103516,3.32999992370605
2010-12-18,1256.77001953125,16.4699993133545,3.39299988746643
2010-12-25,1257.64001464844,17.75,3.3050000667572
2011-01-01,1271.5,17.1399993896484,3.32800006866455
2011-01-08,1293.23999023438,15.460000038147,3.33299994468689
2011-01-15,1283.34997558594,18.4699993133545,3.41599988937378
2011-01-22,1276.33996582031,20.0400009155273,3.3289999961853
2011-01-29,1310.86999511719,15.9300003051758,3.65199995040894
2011-02-05,1329.15002441406,15.6899995803833,3.64599990844727
2011-02-12,1343.01000976562,16.4300003051758,3.58899998664856
2011-02-19,1319.88000488281,19.2199993133545,3.42499995231628
2011-02-26,1321.15002441406,19.0599994659424,3.49200010299683
2011-03-05,1304.28002929688,20.0799999237061,3.39299988746643
2011-03-12,1279.2099609375,24.4400005340576,3.27699995040894
2011-03-19,1313.80004882812,17.9099998474121,3.44400000572205
2011-03-26,1332.41003417969,17.3999996185303,3.45099997520447
2011-04-02,1328.17004394531,17.8700008392334,3.5699999332428
2011-04-09,1319.68005371094,15.3199996948242,3.41000008583069
2011-04-16,1337.38000488281,14.6899995803833,3.40000009536743
2011-04-23,1363.60998535156,14.75,3.2960000038147
2011-04-30,1340.19995117188,18.3999996185303,3.15700006484985
2011-05-07,1337.77001953125,17.0699996948242,3.18700003623962
2011-05-14,1333.27001953125,17.4300003051758,3.15199995040894
2011-05-21,1331.09997558594,15.9799995422363,3.06399989128113
2011-05-28,1300.16003417969,17.9500007629395,2.99699997901917
2011-06-04,1270.97998046875,18.8600006103516,2.97099995613098
2011-06-11,1271.5,21.8500003814697,2.94400000572205
2011-06-18,1268.44995117188,21.1000003814697,2.87100005149841
2011-06-25,1339.67004394531,15.8699998855591,3.19700002670288
2011-07-02,1343.80004882812,15.9499998092651,3.01600003242493
2011-07-09,1316.14001464844,19.5300006866455,2.90799999237061
2011-07-16,1345.02001953125,17.5200004577637,2.96399998664856
2011-07-23,1292.28002929688,25.25,2.8050000667572
2011-07-30,1199.38000488281,32,2.55800008773804
2011-08-06,1178.81005859375,36.3600006103516,2.23699998855591
2011-08-13,1123.53002929688,43.0499992370605,2.07100009918213
2011-08-20,1176.80004882812,35.5900001525879,2.18799996376038
2011-08-27,1173.96997070312,33.9199981689453,1.99600005149841
2011-09-03,1154.22998046875,38.5200004577637,1.91499996185303
2011-09-10,1216.01000976562,30.9799995422363,2.07599997520447
2011-09-17,1136.43005371094,41.25,1.80799996852875
2011-09-24,1131.42004394531,42.9599990844727,1.92400002479553
2011-10-01,1155.4599609375,36.2000007629395,2.06800007820129
2011-10-08,1224.57995605469,28.2399997711182,2.23200011253357
2011-10-15,1238.25,31.3199996948242,2.20300006866455
2011-10-22,1285.08996582031,24.5300006866455,2.30599999427795
2011-10-29,1253.22998046875,30.1599998474121,2.04999995231628
2011-11-05,1263.84997558594,30.0400009155273,2.05599999427795
2011-11-12,1215.65002441406,32,2.01200008392334
2011-11-19,1158.67004394531,34.4700012207031,1.96700000762939
2011-11-26,1244.28002929688,27.5200004577637,2.04200005531311
2011-12-03,1255.18994140625,26.3799991607666,2.05200004577637
2011-12-10,1219.66003417969,24.2900009155273,1.85399997234344
2011-12-17,1265.32995605469,20.7299995422363,2.02999997138977
2011-12-24,1257.59997558594,23.3999996185303,1.87100005149841
2011-12-31,1277.81005859375,20.6299991607666,1.96099996566772
2012-01-07,1289.08996582031,20.9099998474121,1.85300004482269
2012-01-14,1315.38000488281,18.2800006866455,2.02800011634827
2012-01-21,1316.32995605469,18.5300006866455,1.89800000190735
2012-01-28,1344.90002441406,17.1000003814697,1.94900000095367
2012-02-04,1342.64001464844,20.7900009155273,1.96899998188019
2012-02-11,1361.22998046875,17.7800006866455,2.00999999046326
2012-02-18,1365.73999023438,17.3099994659424,1.97699999809265
2012-02-25,1369.63000488281,17.2900009155273,1.98599994182587
2012-03-03,1370.86999511719,17.1100006103516,2.03800010681152
2012-03-10,1404.17004394531,14.4700002670288,2.29800009727478
2012-03-17,1397.10998535156,14.8199996948242,2.23699998855591
2012-03-24,1408.46997070312,15.5,2.21600008010864
2012-03-31,1398.07995605469,16.7000007629395,2.17499995231628
2012-04-07,1370.26000976562,19.5499992370605,1.99800002574921
2012-04-14,1378.53002929688,17.4400005340576,1.97000002861023
2012-04-21,1403.35998535156,16.3199996948242,1.93299996852875
2012-04-28,1369.09997558594,19.1599998474121,1.87999999523163
2012-05-05,1353.39001464844,19.8899993896484,1.84099996089935
2012-05-12,1295.21997070312,25.1000003814697,1.70200002193451
2012-05-19,1317.81994628906,21.7600002288818,1.74500000476837
2012-05-26,1278.0400390625,26.6599998474121,1.46700000762939
2012-06-02,1325.66003417969,21.2299995422363,1.63699996471405
2012-06-09,1342.83996582031,21.1100006103516,1.58700001239777
2012-06-16,1335.02001953125,18.1100006103516,1.67200005054474
2012-06-23,1362.16003417969,17.0799999237061,1.65900003910065
2012-06-30,1354.68005371094,17.1000003814697,1.5440000295639
2012-07-07,1356.78002929688,16.7399997711182,1.49899995326996
2012-07-14,1362.66003417969,16.2700004577637,1.46000003814697
2012-07-21,1385.96997070312,16.7000007629395,1.55499994754791
2012-07-28,1390.98999023438,15.6400003433228,1.57700002193451
2012-08-04,1405.86999511719,14.7399997711182,1.64900004863739
2012-08-11,1418.16003417969,13.4499998092651,1.81599998474121
2012-08-18,1411.13000488281,15.1800003051758,1.67799997329712
2012-08-25,1406.57995605469,17.4699993133545,1.56200003623962
2012-09-01,1437.92004394531,14.3800001144409,1.66100001335144
2012-09-08,1465.77001953125,14.5100002288818,1.87000000476837
2012-09-15,1460.15002441406,13.9799995422363,1.75999999046326
2012-09-22,1440.67004394531,15.7299995422363,1.63699996471405
2012-09-29,1460.93005371094,14.3299999237061,1.73199999332428
2012-10-06,1428.58996582031,16.1399993896484,1.66299998760223
2012-10-13,1433.18994140625,17.0599994659424,1.76800000667572
2012-10-20,1411.93994140625,17.8099994659424,1.75
2012-10-27,1414.19995117188,17.5900001525879,1.72599995136261
2012-11-03,1379.84997558594,18.6100006103516,1.61300003528595
2012-11-10,1359.88000488281,16.4099998474121,1.57400000095367
2012-11-17,1409.15002441406,15.1400003433228,1.692999958992
2012-11-24,1416.18005371094,15.8699998855591,1.60599994659424
2012-12-01,1418.06994628906,15.8999996185303,1.62699997425079
2012-12-08,1413.57995605469,17,1.70799994468689
2012-12-15,1430.15002441406,17.8400001525879,1.75399994850159
2012-12-22,1402.43005371094,22.7199993133545,1.71099996566772
2012-12-29,1466.46997070312,13.8299999237061,1.91499996185303
2013-01-05,1472.05004882812,13.3599996566772,1.875
2013-01-12,1485.97998046875,12.460000038147,1.84300005435944
2013-01-19,1502.9599609375,12.8900003433228,1.94700002670288
2013-01-26,1513.17004394531,12.8999996185303,2.00999999046326
2013-02-02,1517.93005371094,13.0200004577637,1.9539999961853
2013-02-09,1519.7900390625,12.460000038147,2.00699996948242
2013-02-16,1515.59997558594,14.1700000762939,1.96700000762939
2013-02-23,1518.19995117188,15.3599996566772,1.85300004482269
2013-03-02,1551.18005371094,12.5900001525879,2.05599999427795
2013-03-09,1560.69995117188,11.3000001907349,1.99600005149841
2013-03-16,1556.89001464844,13.5699996948242,1.91499996185303
2013-03-23,1569.18994140625,12.6999998092651,1.85199999809265
2013-03-30,1553.28002929688,13.9200000762939,1.69400000572205
2013-04-06,1588.84997558594,12.0600004196167,1.72099995613098
2013-04-13,1555.25,14.9700002670288,1.70299994945526
2013-04-20,1582.23999023438,13.6099996566772,1.66299998760223
2013-04-27,1614.42004394531,12.8500003814697,1.75199997425079
2013-05-04,1633.69995117188,12.5900001525879,1.89999997615814
2013-05-11,1667.46997070312,12.4499998092651,1.94900000095367
2013-05-18,1649.59997558594,13.9899997711182,2.01099991798401
2013-05-25,1630.73999023438,16.2999992370605,2.16400003433228
2013-06-01,1643.38000488281,15.1400003433228,2.16100001335144
2013-06-08,1626.72998046875,17.1499996185303,2.12599992752075
2013-06-15,1592.43005371094,18.8999996185303,2.51399993896484
2013-06-22,1606.28002929688,16.8600006103516,2.4779999256134
2013-06-29,1631.89001464844,14.8900003433228,2.71499991416931
2013-07-06,1680.18994140625,13.8400001525879,2.6010000705719
2013-07-13,1692.08996582031,12.539999961853,2.4909999370575
2013-07-20,1691.65002441406,12.7200002670288,2.56100010871887
2013-07-27,1709.67004394531,11.9799995422363,2.60199999809265
2013-08-03,1691.42004394531,13.4099998474121,2.57999992370605
2013-08-10,1655.82995605469,14.3699998855591,2.8289999961853
2013-08-17,1663.5,13.9799995422363,2.81800007820129
2013-08-24,1632.96997070312,17.0100002288818,2.74900007247925
2013-08-31,1655.17004394531,15.8500003814697,2.93799996376038
2013-09-07,1687.98999023438,14.1599998474121,2.89800000190735
2013-09-14,1709.91003417969,13.1199998855591,2.73200011253357
2013-09-21,1691.75,15.460000038147,2.61899995803833
2013-09-28,1690.5,16.7399997711182,2.65199995040894
2013-10-05,1703.19995117188,15.7200002670288,2.68199992179871
2013-10-12,1744.5,13.039999961853,2.58899998664856
2013-10-19,1759.77001953125,13.0900001525879,2.50300002098083
2013-10-26,1761.64001464844,13.2799997329712,2.61999988555908
2013-11-02,1770.60998535156,12.8999996185303,2.74600005149841
2013-11-09,1798.18005371094,12.1899995803833,2.70900011062622
2013-11-16,1804.76000976562,12.2600002288818,2.75200009346008
2013-11-23,1805.81005859375,13.6999998092651,2.7409999370575
2013-11-30,1805.08996582031,13.789999961853,2.88299989700317
2013-12-07,1775.31994628906,15.7600002288818,2.86800003051758
2013-12-14,1818.31994628906,13.789999961853,2.88700008392334
2013-12-21,1841.40002441406,12.460000038147,3.00600004196167
2013-12-28,1831.36999511719,13.7600002288818,2.99499988555908
2014-01-04,1842.36999511719,12.1400003433228,2.85999989509583
2014-01-11,1838.69995117188,12.4399995803833,2.82699990272522
2014-01-18,1790.2900390625,18.1399993896484,2.73499989509583
2014-01-25,1782.58996582031,18.4099998474121,2.66799998283386
2014-02-01,1797.02001953125,15.289999961853,2.67499995231628
2014-02-08,1838.63000488281,13.5699996948242,2.74600005149841
2014-02-15,1836.25,14.6800003051758,2.73399996757507
2014-02-22,1859.44995117188,14,2.65799999237061
2014-03-01,1878.0400390625,14.1099996566772,2.78999996185303
2014-03-08,1841.13000488281,17.8199996948242,2.64499998092651
2014-03-15,1866.52001953125,15,2.75
2014-03-22,1857.61999511719,14.4099998474121,2.71199989318848
2014-03-29,1865.08996582031,13.960000038147,2.7260000705719
2014-04-05,1815.68994140625,17.0300006866455,2.61899995803833
2014-04-12,1864.84997558594,13.3599996566772,2.72099995613098
2014-04-19,1863.40002441406,14.0600004196167,2.66599988937378
2014-04-26,1881.14001464844,12.9099998474121,2.59100008010864
2014-05-03,1878.47998046875,12.9200000762939,2.62299990653992
2014-05-10,1877.85998535156,12.4399995803833,2.51799988746643
2014-05-17,1900.53002929688,11.3599996566772,2.53600001335144
2014-05-24,1923.56994628906,11.3999996185303,2.45700001716614
2014-05-31,1949.43994140625,10.7299995422363,2.59699988365173
2014-06-07,1936.16003417969,12.1800003051758,2.60400009155273
2014-06-14,1962.86999511719,10.8500003814697,2.62400007247925
2014-06-21,1960.9599609375,11.2600002288818,2.53200006484985
2014-06-28,1985.43994140625,10.3199996948242,2.64800000190735
2014-07-05,1967.56994628906,12.0799999237061,2.51999998092651
2014-07-12,1978.21997070312,12.0600004196167,2.48399996757507
2014-07-19,1978.33996582031,12.6899995803833,2.46900010108948
2014-07-26,1925.15002441406,17.0300006866455,2.50500011444092
2014-08-02,1931.58996582031,15.7700004577637,2.41499996185303
2014-08-09,1955.06005859375,13.1499996185303,2.34500002861023
2014-08-16,1988.40002441406,11.4700002670288,2.40300011634827
2014-08-23,2003.36999511719,12.0900001525879,2.34299993515015
2014-08-30,2007.7099609375,12.0900001525879,2.46099996566772
2014-09-06,1985.5400390625,13.3100004196167,2.61400008201599
2014-09-13,2010.40002441406,12.1099996566772,2.58699989318848
2014-09-20,1982.84997558594,14.8500003814697,2.53500008583069
2014-09-27,1967.90002441406,14.5500001907349,2.44700002670288
2014-10-04,1906.13000488281,21.2399997711182,2.30699992179871
2014-10-11,1886.76000976562,21.9899997711182,2.19899988174438
2014-10-18,1964.57995605469,16.1100006103516,2.27300000190735
2014-10-25,2018.05004882812,14.0299997329712,2.33500003814697
2014-11-01,2031.92004394531,13.1199998855591,2.31200003623962
2014-11-08,2039.81994628906,13.3100004196167,2.3199999332428
2014-11-15,2063.5,12.8999996185303,2.31500005722046
2014-11-22,2067.56005859375,13.3299999237061,2.19400000572205
2014-11-29,2075.3701171875,11.8900003433228,2.30699992179871
2014-12-06,2002.32995605469,21.0799999237061,2.1029999256134
2014-12-13,2070.64990234375,16.4899997711182,2.17600011825562
2014-12-20,2088.77001953125,14.5,2.25
2014-12-27,2058.19995117188,17.7900009155273,2.12299990653992
2015-01-03,2044.81005859375,17.5499992370605,1.97099995613098
2015-01-10,2019.42004394531,20.9500007629395,1.81500005722046
2015-01-17,2051.82006835938,16.6599998474121,1.81700003147125
2015-01-24,1994.98999023438,20.9699993133545,1.67499995231628
2015-01-31,2055.46997070312,17.2900009155273,1.93799996376038
2015-02-07,2096.98999023438,14.6899995803833,2.02099990844727
2015-02-14,2110.30004882812,14.3000001907349,2.13299989700317
2015-02-21,2104.5,13.3400001525879,2.00200009346008
2015-02-28,2071.26000976562,15.1999998092651,2.24000000953674
2015-03-07,2053.39990234375,16,2.11199998855591
2015-03-14,2108.10009765625,13.0200004577637,1.92999994754791
2015-03-21,2061.02001953125,15.0699996948242,1.94799995422363
2015-03-28,2066.9599609375,14.6700000762939,1.90400004386902
2015-04-04,2102.06005859375,12.5799999237061,1.95099997520447
2015-04-11,2081.17993164062,13.8900003433228,1.85000002384186
2015-04-18,2117.68994140625,12.289999961853,1.91700005531311
2015-04-25,2108.2900390625,12.6999998092651,2.11700010299683
2015-05-02,2116.10009765625,12.8599996566772,2.15000009536743
2015-05-09,2122.72998046875,12.3800001144409,2.14100003242493
2015-05-16,2126.06005859375,12.1300001144409,2.21499991416931
2015-05-23,2107.38989257812,13.8400001525879,2.09500002861023
2015-05-30,2092.830078125,14.210000038147,2.40199995040894
2015-06-06,2094.11010742188,13.7799997329712,2.38499999046326
2015-06-13,2109.98999023438,13.960000038147,2.26699995994568
2015-06-20,2101.48999023438,14.0200004577637,2.4760000705719
2015-06-27,2076.78002929688,16.7900009155273,2.39299988746643
2015-07-04,2076.6201171875,16.8299999237061,2.41700005531311
2015-07-11,2126.63989257812,11.9499998092651,2.34899997711182
2015-07-18,2079.64990234375,13.7399997711182,2.27099990844727
2015-07-25,2103.84008789062,12.1199998855591,2.20499992370605
2015-08-01,2077.57006835938,13.3900003433228,2.17499995231628
2015-08-08,2091.5400390625,12.8299999237061,2.19600009918213
2015-08-15,1970.89001464844,28.0300006866455,2.05399990081787
2015-08-22,1988.86999511719,26.0499992370605,2.18600010871887
2015-08-29,1921.21997070312,27.7999992370605,2.12800002098083
2015-09-05,1961.05004882812,23.2000007629395,2.18300008773804
2015-09-12,1958.03002929688,22.2800006866455,2.13000011444092
2015-09-19,1931.33996582031,23.6200008392334,2.16799998283386
2015-09-26,1951.35998535156,20.9400005340576,1.9889999628067
2015-10-03,2014.89001464844,17.0799999237061,2.09899997711182
2015-10-10,2033.10998535156,15.0500001907349,2.02300000190735
2015-10-17,2075.14990234375,14.460000038147,2.08299994468689
2015-10-24,2079.36010742188,15.0699996948242,2.15100002288818
2015-10-31,2099.19995117188,14.3299999237061,2.33299994468689
2015-11-07,2023.0400390625,20.0799999237061,2.27999997138977
2015-11-14,2089.169921875,15.4700002670288,2.26200008392334
2015-11-21,2090.11010742188,15.1199998855591,2.22499990463257
2015-11-28,2091.68994140625,14.8100004196167,2.27500009536743
2015-12-05,2012.36999511719,24.3899993896484,2.13899993896484
2015-12-12,2005.55004882812,20.7000007629395,2.19899988174438
2015-12-19,2060.98999023438,15.7399997711182,2.24300003051758
2015-12-26,2043.93994140625,18.2099990844727,2.26900005340576
2016-01-02,1922.03002929688,27.0100002288818,2.13000011444092
2016-01-09,1880.32995605469,27.0200004577637,2.03299999237061
2016-01-16,1906.90002441406,22.3400001525879,2.04800009727478
2016-01-23,1940.23999023438,20.2000007629395,1.93099999427795
2016-01-30,1880.05004882812,23.3799991607666,1.84800004959106
2016-02-06,1864.78002929688,25.3999996185303,1.74800002574921
2016-02-13,1917.78002929688,20.5300006866455,1.74800002574921
2016-02-20,1948.05004882812,19.8099994659424,1.76199996471405
2016-02-27,1999.98999023438,16.8600006103516,1.88300001621246
2016-03-05,2022.18994140625,16.5,1.97699999809265
2016-03-12,2049.580078125,14.0200004577637,1.87100005149841
2016-03-19,2035.93994140625,14.7399997711182,1.89999997615814
2016-03-26,2072.78002929688,13.1000003814697,1.79200005531311
2016-04-02,2047.59997558594,15.3599996566772,1.72000002861023
2016-04-09,2080.72998046875,13.6199998855591,1.75199997425079
2016-04-16,2091.580078125,13.2200002670288,1.88800001144409
2016-04-23,2065.30004882812,15.6999998092651,1.81900000572205
2016-04-30,2057.13989257812,14.7200002670288,1.77900004386902
2016-05-07,2046.60998535156,15.039999961853,1.70500004291534
2016-05-14,2052.32006835938,15.1999998092651,1.84899997711182
2016-05-21,2099.06005859375,13.1199998855591,1.85099995136261
2016-05-28,2099.1298828125,13.4700002670288,1.7039999961853
2016-06-04,2096.07006835938,17.0300006866455,1.63900005817413
2016-06-11,2071.21997070312,19.4099998474121,1.61800003051758
2016-06-18,2037.41003417969,25.7600002288818,1.5789999961853
2016-06-25,2102.94995117188,14.7700004577637,1.4559999704361
2016-07-02,2129.89990234375,13.1999998092651,1.36600005626678
2016-07-09,2161.73999023438,12.6700000762939,1.59399998188019
2016-07-16,2175.03002929688,12.0200004577637,1.57000005245209
2016-07-23,2173.60009765625,11.8699998855591,1.45799994468689
2016-07-30,2182.8701171875,11.3900003433228,1.58200001716614
2016-08-06,2184.05004882812,11.5500001907349,1.51499998569489
2016-08-13,2183.8701171875,11.3400001525879,1.57799994945526
2016-08-20,2169.0400390625,13.6499996185303,1.63499999046326
2016-08-27,2179.97998046875,11.9799995422363,1.59599995613098
2016-09-03,2127.81005859375,17.5,1.67200005054474
2016-09-10,2139.15991210938,15.3699998855591,1.70099997520447
2016-09-17,2164.68994140625,12.289999961853,1.61500000953674
2016-09-24,2168.27001953125,13.289999961853,1.60800004005432
2016-10-01,2153.73999023438,13.4799995422363,1.73599994182587
2016-10-08,2132.97998046875,16.1200008392334,1.7940000295639
2016-10-15,2141.15991210938,13.3400001525879,1.74000000953674
2016-10-22,2126.40991210938,16.1900005340576,1.84500002861023
2016-10-29,2085.17993164062,22.5100002288818,1.78299999237061
2016-11-05,2164.44995117188,14.1700000762939,2.11700010299683
2016-11-12,2181.89990234375,12.8500003814697,2.33500003814697
2016-11-19,2213.35009765625,12.3400001525879,2.37199997901917
2016-11-26,2191.94995117188,14.1199998855591,2.39000010490417
2016-12-03,2259.53002929688,11.75,2.46399998664856
2016-12-10,2258.07006835938,12.1999998092651,2.59699988365173
2016-12-17,2263.7900390625,11.4399995803833,2.54299998283386
2016-12-24,2238.830078125,14.039999961853,2.44600009918213
2016-12-31,2276.97998046875,11.3199996948242,2.41799998283386
2017-01-07,2274.63989257812,11.2299995422363,2.38000011444092
2017-01-14,2271.31005859375,11.539999961853,2.46700000762939
2017-01-21,2294.68994140625,10.5799999237061,2.48099994659424
2017-01-28,2297.419921875,10.9700002670288,2.4909999370575
2017-02-04,2316.10009765625,10.8500003814697,2.40899991989136
2017-02-11,2351.15991210938,11.4899997711182,2.42499995231628
2017-02-18,2367.34008789062,11.4700002670288,2.31699991226196
2017-02-25,2383.1201171875,10.960000038147,2.49200010299683
2017-03-04,2372.60009765625,11.6599998474121,2.58200001716614
2017-03-11,2378.25,11.2799997329712,2.50099992752075
2017-03-18,2343.97998046875,12.960000038147,2.40000009536743
2017-03-25,2362.71997070312,12.3699998855591,2.39599990844727
2017-04-01,2355.5400390625,12.8699998855591,2.37299990653992
2017-04-08,2328.94995117188,15.960000038147,2.23200011253357
2017-04-15,2348.68994140625,14.6300001144409,2.23699998855591
2017-04-22,2384.19995117188,10.8199996948242,2.28200006484985
2017-04-29,2399.2900390625,10.5699996948242,2.35199999809265
2017-05-06,2390.89990234375,10.3999996185303,2.33500003814697
2017-05-13,2381.72998046875,12.039999961853,2.24499988555908
2017-05-20,2415.82006835938,9.8100004196167,2.25
2017-05-27,2439.07006835938,9.75,2.15899991989136
2017-06-03,2431.77001953125,10.6999998092651,2.19899988174438
2017-06-10,2433.14990234375,10.3800001144409,2.15700006484985
2017-06-17,2438.30004882812,10.0200004577637,2.14400005340576
2017-06-24,2423.40991210938,11.1800003051758,2.30200004577637
2017-07-01,2425.17993164062,11.1899995803833,2.39299988746643
2017-07-08,2459.27001953125,9.51000022888184,2.31900000572205
2017-07-15,2472.5400390625,9.35999965667725,2.23200011253357
2017-07-22,2472.10009765625,10.289999961853,2.28900003433228
2017-07-29,2476.830078125,10.0299997329712,2.26699995994568
2017-08-05,2441.32006835938,15.5100002288818,2.18899989128113
2017-08-12,2425.55004882812,14.2600002288818,2.19400000572205
2017-08-19,2443.05004882812,11.2799997329712,2.16899991035461
2017-08-26,2476.55004882812,10.1300001144409,2.15700006484985
2017-09-02,2461.42993164062,12.1199998855591,2.06100010871887
2017-09-09,2500.22998046875,10.1700000762939,2.20199990272522
2017-09-16,2502.21997070312,9.59000015258789,2.26200008392334
2017-09-23,2519.36010742188,9.51000022888184,2.32599997520447
2017-09-30,2549.330078125,9.64999961853027,2.36999988555908
2017-10-07,2553.169921875,9.60999965667725,2.27999997138977
2017-10-14,2575.2099609375,9.97000026702881,2.38100004196167
2017-10-21,2581.07006835938,9.80000019073486,2.42799997329712
2017-10-28,2587.84008789062,9.14000034332275,2.34299993515015
2017-11-04,2582.30004882812,11.289999961853,2.40000009536743
2017-11-11,2578.85009765625,11.4300003051758,2.35400009155273
2017-11-18,2602.419921875,9.67000007629395,2.33999991416931
2017-11-25,2642.21997070312,11.4300003051758,2.36199998855591
2017-12-02,2651.5,9.57999992370605,2.38299989700317
2017-12-09,2675.81005859375,9.42000007629395,2.35500001907349
2017-12-16,2683.34008789062,9.89999961853027,2.48499989509583
2017-12-23,2673.61010742188,11.039999961853,2.40499997138977
2017-12-30,2743.14990234375,9.22000026702881,2.4760000705719
2018-01-06,2786.23999023438,10.1599998474121,2.55200004577637
2018-01-13,2810.30004882812,11.2700004577637,2.63700008392334
2018-01-20,2872.8701171875,11.0799999237061,2.66199994087219
2018-01-27,2762.1298828125,17.3099994659424,2.85400009155273
2018-02-03,2619.55004882812,29.0599994659424,2.8289999961853
2018-02-10,2732.21997070312,19.4599990844727,2.87700009346008
2018-02-17,2747.30004882812,16.4899997711182,2.87100005149841
2018-02-24,2691.25,19.5900001525879,2.85700011253357
2018-03-03,2786.57006835938,14.6400003433228,2.89400005340576
2018-03-10,2752.01000976562,15.8000001907349,2.84800004959106
2018-03-17,2588.26000976562,24.8700008392334,2.82999992370605
2018-03-24,2640.8701171875,19.9699993133545,2.7409999370575
2018-03-31,2604.46997070312,21.4899997711182,2.77500009536743
2018-04-07,2656.30004882812,17.4099998474121,2.8289999961853
2018-04-14,2670.13989257812,16.8799991607666,2.95099997520447
2018-04-21,2669.90991210938,15.4099998474121,2.95700001716614
2018-04-28,2663.419921875,14.7700004577637,2.94400000572205
2018-05-05,2727.71997070312,12.6499996185303,2.97099995613098
2018-05-12,2712.96997070312,13.4200000762939,3.06699991226196
2018-05-19,2721.330078125,13.2200002670288,2.93099999427795
2018-05-26,2734.6201171875,13.460000038147,2.89499998092651
2018-06-02,2779.03002929688,12.1800003051758,2.93700003623962
2018-06-09,2779.65991210938,11.9799995422363,2.92400002479553
2018-06-16,2754.8798828125,13.7700004577637,2.90000009536743
2018-06-23,2718.3701171875,16.0900001525879,2.84899997711182
2018-06-30,2759.82006835938,13.3699998855591,2.83100008964539
2018-07-07,2801.31005859375,12.1800003051758,2.83100008964539
2018-07-14,2801.830078125,12.8599996566772,2.89499998092651
2018-07-21,2818.82006835938,13.0299997329712,2.96000003814697
2018-07-28,2840.35009765625,11.6400003433228,2.95300006866455
2018-08-04,2833.28002929688,13.1599998474121,2.85700011253357
2018-08-11,2850.1298828125,12.6400003433228,2.87299990653992
2018-08-18,2874.68994140625,11.9899997711182,2.82599997520447
2018-08-25,2901.52001953125,12.8599996566772,2.8529999256134
2018-09-01,2871.67993164062,14.8800001144409,2.94199991226196
2018-09-08,2904.97998046875,12.0699996948242,2.99399995803833
2018-09-15,2929.669921875,11.6800003051758,3.06800007820129
2018-09-22,2913.97998046875,12.1199998855591,3.05599999427795
2018-09-29,2885.57006835938,14.8199996948242,3.22499990463257
2018-10-06,2767.1298828125,21.3099994659424,3.14100003242493
2018-10-13,2767.78002929688,19.8899993896484,3.19799995422363
2018-10-20,2658.68994140625,24.1599998474121,3.07699990272522
2018-10-27,2723.06005859375,19.5100002288818,3.21399998664856
2018-11-03,2781.01000976562,17.3600006103516,3.18899989128113
2018-11-10,2736.27001953125,18.1399993896484,3.07399988174438
2018-11-17,2632.56005859375,21.5200004577637,3.05399990081787
2018-11-24,2760.169921875,18.0699996948242,3.01300001144409
2018-12-01,2633.080078125,23.2299995422363,2.84999990463257
2018-12-08,2599.94995117188,21.6299991607666,2.89100003242493
2018-12-15,2416.6201171875,30.1100006103516,2.79200005531311
2018-12-22,2485.73999023438,28.3400001525879,2.73600006103516
2018-12-29,2531.93994140625,21.3799991607666,2.65899991989136
2019-01-05,2596.26000976562,18.1900005340576,2.70099997520447
2019-01-12,2670.7099609375,17.7999992370605,2.78399991989136
2019-01-19,2664.76000976562,17.4200000762939,2.75300002098083
2019-01-26,2706.53002929688,16.1399993896484,2.69099998474121
2019-02-02,2707.8798828125,15.7200002670288,2.63199996948242
2019-02-09,2775.60009765625,14.9099998474121,2.66599988937378
2019-02-16,2792.669921875,13.5100002288818,2.65499997138977
2019-02-23,2803.68994140625,13.5699996948242,2.75500011444092
2019-03-02,2743.07006835938,16.0499992370605,2.625
2019-03-09,2822.47998046875,12.8800001144409,2.59299993515015
2019-03-16,2800.7099609375,16.4799995422363,2.45499992370605
2019-03-23,2834.39990234375,13.710000038147,2.41400003433228
2019-03-30,2892.73999023438,12.8199996948242,2.50099992752075
2019-04-06,2907.40991210938,12.0100002288818,2.55999994277954
2019-04-13,2905.03002929688,12.0900001525879,2.55999994277954
2019-04-20,2939.8798828125,12.7299995422363,2.50500011444092
2019-04-27,2945.63989257812,12.8699998855591,2.53099989891052
2019-05-04,2881.39990234375,16.0400009155273,2.45499992370605
2019-05-11,2859.53002929688,15.960000038147,2.39299988746643
2019-05-18,2826.06005859375,15.8500003814697,2.32399988174438
2019-05-25,2752.06005859375,18.7099990844727,2.14199995994568
2019-06-01,2873.34008789062,16.2999992370605,2.08400011062622
2019-06-08,2886.97998046875,15.2799997329712,2.09299993515015
2019-06-15,2950.4599609375,15.3999996185303,2.06800007820129
2019-06-22,2941.76000976562,15.0799999237061,2
2019-06-29,2990.40991210938,13.2799997329712,2.04800009727478
2019-07-06,3013.77001953125,12.3900003433228,2.10599994659424
2019-07-13,2976.61010742188,14.4499998092651,2.04800009727478
2019-07-20,3025.86010742188,12.1599998474121,2.08100008964539
2019-07-27,2932.05004882812,17.6100006103516,1.85500001907349
2019-08-03,2918.64990234375,17.9699993133545,1.73399996757507
2019-08-10,2888.67993164062,18.4699993133545,1.53900003433228
2019-08-17,2847.11010742188,19.8700008392334,1.52799999713898
2019-08-24,2926.4599609375,18.9799995422363,1.50600004196167
2019-08-31,2978.7099609375,15,1.54999995231628
2019-09-07,3007.38989257812,13.7399997711182,1.90299999713898
2019-09-14,2992.07006835938,15.3199996948242,1.75499999523163
2019-09-21,2961.7900390625,17.2199993133545,1.67499995231628
2019-09-28,2952.01000976562,17.0400009155273,1.51499998569489
2019-10-05,2970.27001953125,15.5799999237061,1.75199997425079
2019-10-12,2986.19995117188,14.25,1.74699997901917
2019-10-19,3022.55004882812,12.6499996185303,1.80099999904633
2019-10-26,3066.90991210938,12.3000001907349,1.72800004482269
2019-11-02,3093.080078125,12.0699996948242,1.93299996852875
2019-11-09,3120.4599609375,12.0500001907349,1.83399999141693
2019-11-16,3110.2900390625,12.3400001525879,1.77400004863739
2019-11-23,3140.97998046875,12.6199998855591,1.77600002288818
2019-11-30,3145.90991210938,13.6199998855591,1.84200000762939
2019-12-07,3168.80004882812,12.6300001144409,1.81900000572205
2019-12-14,3221.21997070312,12.5100002288818,1.91700005531311
2019-12-21,3240.02001953125,13.4300003051758,1.87399995326996
2019-12-28,3234.85009765625,14.0200004577637,1.78799998760223
2020-01-04,3265.35009765625,12.5600004196167,1.82500004768372
2020-01-11,3329.6201171875,12.1000003814697,1.83599996566772
2020-01-18,3295.46997070312,14.5600004196167,1.68099999427795
2020-01-25,3225.52001953125,18.8400001525879,1.51999998092651
2020-02-01,3327.7099609375,15.4700002670288,1.57799994945526
2020-02-08,3380.15991210938,13.6800003051758,1.58800005912781
2020-02-15,3337.75,17.0799999237061,1.47099995613098
2020-02-22,2954.21997070312,40.1100006103516,1.12699997425079
2020-02-29,2972.3701171875,41.939998626709,0.705999970436096
2020-03-07,2711.02001953125,57.8300018310547,0.950999975204468
2020-03-14,2304.919921875,66.0400009155273,0.938000023365021
2020-03-21,2541.46997070312,65.5400009155273,0.749000012874603
2020-03-28,2488.64990234375,46.7999992370605,0.587000012397766
2020-04-04,2789.82006835938,41.6699981689453,0.728999972343445
2020-04-11,2874.56005859375,38.1500015258789,0.653999984264374
2020-04-18,2836.73999023438,35.9300003051758,0.596000015735626
2020-04-25,2830.7099609375,37.189998626709,0.642000019550323
2020-05-02,2929.80004882812,27.9799995422363,0.681999981403351
2020-05-09,2863.69995117188,31.8899993896484,0.639999985694885
2020-05-16,2955.44995117188,28.1599998474121,0.657000005245209
2020-05-23,3044.31005859375,27.5100002288818,0.648000001907349
2020-05-30,3193.92993164062,24.5200004577637,0.903999984264374
2020-06-06,3041.31005859375,36.0900001525879,0.699000000953674
2020-06-13,3097.73999023438,35.1199989318848,0.697000026702881
2020-06-20,3009.05004882812,34.7299995422363,0.635999977588654
2020-06-27,3130.01000976562,27.6800003051758,0.669000029563904
2020-07-04,3185.0400390625,27.2900009155273,0.633000016212463
2020-07-11,3224.72998046875,25.6800003051758,0.628000020980835
2020-07-18,3215.6298828125,25.8400001525879,0.58899998664856
2020-07-25,3271.1201171875,24.4599990844727,0.53600001335144
2020-08-01,3351.28002929688,22.2099990844727,0.561999976634979
2020-08-08,3372.85009765625,22.0499992370605,0.708999991416931
2020-08-15,3397.15991210938,22.5400009155273,0.639999985694885
2020-08-22,3508.01000976562,22.9599990844727,0.728999972343445
2020-08-29,3426.9599609375,30.75,0.721000015735626
2020-09-05,3340.96997070312,26.8700008392334,0.669000029563904
2020-09-12,3319.46997070312,25.8299999237061,0.694000005722046
2020-09-19,3298.4599609375,26.3799991607666,0.658999979496002
2020-09-26,3348.419921875,27.6299991607666,0.695999979972839
2020-10-03,3477.13989257812,25,0.774999976158142
2020-10-10,3483.81005859375,27.4099998474121,0.744000017642975
2020-10-17,3465.38989257812,27.5499992370605,0.841000020503998
2020-10-24,3269.9599609375,38.0200004577637,0.860000014305115
2020-10-31,3509.43994140625,24.8600006103516,0.819999992847443
2020-11-07,3585.14990234375,23.1000003814697,0.89300000667572
2020-11-14,3557.5400390625,23.7000007629395,0.828999996185303
2020-11-21,3638.35009765625,20.8400001525879,0.842000007629395
2020-11-28,3699.1201171875,20.7900009155273,0.968999981880188
2020-12-05,3663.4599609375,23.3099994659424,0.89300000667572
2020-12-12,3709.40991210938,21.5699996948242,0.948000013828278
2020-12-19,3703.06005859375,21.5300006866455,0.927999973297119
2020-12-26,3756.07006835938,22.75,0.916999995708466
2021-01-02,3824.67993164062,21.5599994659424,1.10500001907349
2021-01-09,3768.25,24.3400001525879,1.09700000286102
2021-01-16,3841.46997070312,21.9099998474121,1.09099996089935
2021-01-23,3714.23999023438,33.0900001525879,1.09300005435944
2021-01-30,3886.830078125,20.8700008392334,1.16999995708466
2021-02-06,3934.830078125,19.9699993133545,1.20000004768372
2021-02-13,3906.7099609375,22.0499992370605,1.34500002861023
2021-02-20,3811.14990234375,27.9500007629395,1.46000003814697
2021-02-27,3841.93994140625,24.6599998474121,1.55400002002716
2021-03-06,3943.34008789062,20.6900005340576,1.63499999046326
2021-03-13,3913.10009765625,20.9500007629395,1.73199999332428
2021-03-20,3974.5400390625,18.8600006103516,1.6599999666214
2021-03-27,4019.8701171875,17.3299999237061,1.67900002002716
2021-04-03,4128.7998046875,16.6900005340576,1.66600000858307
2021-04-10,4185.47021484375,16.25,1.57299995422363
2021-04-17,4180.169921875,17.3299999237061,1.56700003147125
2021-04-24,4181.169921875,18.6100006103516,1.63100004196167
2021-05-01,4232.60009765625,16.6900005340576,1.57700002193451
2021-05-08,4173.85009765625,18.8099994659424,1.63499999046326
2021-05-15,4155.85986328125,20.1499996185303,1.63199996948242
2021-05-22,4204.10986328125,16.7600002288818,1.5809999704361
2021-05-29,4229.89013671875,16.4200000762939,1.55999994277954
2021-06-05,4247.43994140625,15.6499996185303,1.46200001239777
2021-06-12,4166.4501953125,20.7000007629395,1.45000004768372
2021-06-19,4280.7001953125,15.6199998855591,1.53600001335144
2021-06-26,4352.33984375,15.0699996948242,1.43099999427795
2021-07-03,4369.5498046875,16.1800003051758,1.35599994659424
2021-07-10,4327.16015625,18.4500007629395,1.29999995231628
2021-07-17,4411.7900390625,17.2000007629395,1.28600001335144
2021-07-24,4395.259765625,18.2399997711182,1.2389999628067
2021-07-31,4436.52001953125,16.1499996185303,1.28999996185303
2021-08-07,4468,15.4499998092651,1.29700005054474
2021-08-14,4441.669921875,18.5599994659424,1.25999999046326
2021-08-21,4509.3701171875,16.3899993896484,1.31200003623962
2021-08-28,4535.43017578125,16.4099998474121,1.32200002670288
2021-09-04,4458.580078125,20.9500007629395,1.34099996089935
2021-09-11,4432.990234375,20.8099994659424,1.37000000476837
2021-09-18,4455.47998046875,17.75,1.46000003814697
2021-09-25,4357.0400390625,21.1000003814697,1.47899997234344
2021-10-02,4391.33984375,18.7700004577637,1.60500001907349
2021-10-09,4471.3701171875,16.2999992370605,1.57599997520447
2021-10-16,4544.89990234375,15.4300003051758,1.65499997138977
2021-10-23,4605.3798828125,16.2600002288818,1.557000041008
2021-10-30,4697.52978515625,16.4799995422363,1.45299994945526
2021-11-06,4682.85009765625,16.2900009155273,1.58200001716614
2021-11-13,4697.9599609375,17.9099998474121,1.53600001335144
2021-11-20,4594.6201171875,28.6200008392334,1.48199999332428
2021-11-27,4538.43017578125,30.6700000762939,1.34300005435944
2021-12-04,4712.02001953125,18.6900005340576,1.4889999628067
2021-12-11,4620.64013671875,21.5699996948242,1.40199995040894
2021-12-18,4725.7900390625,17.9599990844727,1.49300003051758
2021-12-25,4766.18017578125,17.2199993133545,1.51199996471405
2022-01-01,4677.02978515625,18.7600002288818,1.77100002765656
2022-01-08,4662.85009765625,19.1900005340576,1.77199995517731
2022-01-15,4397.93994140625,28.8500003814697,1.74699997901917
2022-01-22,4431.85009765625,27.6599998474121,1.78199994564056
2022-01-29,4500.52978515625,23.2199993133545,1.92999994754791
2022-02-05,4418.64013671875,27.3600006103516,1.95500004291534
2022-02-12,4348.8701171875,27.75,1.932000041008
2022-02-19,4384.64990234375,27.5900001525879,1.98599994182587
2022-02-26,4328.8701171875,31.9799995422363,1.72399997711182
2022-03-05,4204.31005859375,30.75,2.00399994850159
2022-03-12,4463.1201171875,23.8700008392334,2.14800000190735
2022-03-19,4543.06005859375,20.8099994659424,2.49200010299683
2022-03-26,4545.85986328125,19.6299991607666,2.37700009346008
2022-04-02,4488.27978515625,21.1599998474121,2.71300005912781
2022-04-09,4392.58984375,22.7000007629395,2.82800006866455
2022-04-16,4271.77978515625,28.2099990844727,2.90599989891052
2022-04-23,4131.93017578125,33.4000015258789,2.88700008392334
2022-04-30,4123.33984375,30.1900005340576,3.12299990653992
2022-05-07,4023.88989257812,28.8700008392334,2.93499994277954
2022-05-14,3901.36010742188,29.4300003051758,2.78699994087219
2022-05-21,4158.240234375,25.7199993133545,2.74300003051758
2022-05-28,4108.5400390625,24.7900009155273,2.95700001716614
2022-06-04,3900.86010742188,27.75,3.15599989891052
2022-06-11,3674.84008789062,31.1299991607666,3.23900008201599
2022-06-18,3911.73999023438,27.2299995422363,3.125
2022-06-25,3825.330078125,26.7000007629395,2.88899993896484
2022-07-02,3899.3798828125,24.6399993896484,3.1010000705719
2022-07-09,3863.15991210938,24.2299995422363,2.9300000667572
2022-07-16,3961.6298828125,23.0300006866455,2.78299999237061
2022-07-23,4130.2900390625,21.3299999237061,2.64199995994568
2022-07-30,4145.18994140625,21.1499996185303,2.83999991416931
2022-08-06,4280.14990234375,19.5300006866455,2.84899997711182
2022-08-13,4228.47998046875,20.6000003814697,2.98900008201599
2022-08-20,4057.65991210938,25.5599994659424,3.03500008583069
2022-08-27,3924.26000976562,25.4699993133545,3.19300007820129
2022-09-03,4067.36010742188,22.7900009155273,3.32100009918213
2022-09-10,3873.330078125,26.2999992370605,3.44799995422363
2022-09-17,3693.22998046875,29.9200000762939,3.69700002670288
2022-09-24,3585.6201171875,31.6200008392334,3.80399990081787
2022-10-01,3639.65991210938,31.3600006103516,3.88299989700317
2022-10-08,3583.07006835938,32.0200004577637,4.01000022888184
2022-10-15,3752.75,29.6900005340576,4.21299982070923
2022-10-22,3901.06005859375,25.75,4.01000022888184
2022-10-29,3770.55004882812,24.5499992370605,4.1560001373291
2022-11-05,3992.92993164062,22.5200004577637,3.81299996376038
2022-11-12,3965.34008789062,23.1200008392334,3.81800007820129
2022-11-19,4026.1201171875,20.5,3.69099998474121
2022-11-26,4071.69995117188,19.0599994659424,3.50600004196167
2022-12-03,3934.3798828125,22.8299999237061,3.56699991226196
2022-12-10,3852.36010742188,22.6200008392334,3.48200011253357
2022-12-17,3844.82006835938,20.8700008392334,3.75099992752075
2022-12-24,3839.5,21.6700000762939,3.87899994850159
2022-12-31,3895.080078125,21.1299991607666,3.56900000572205
2023-01-07,3999.09008789062,18.3500003814697,3.51099991798401
2023-01-14,3972.61010742188,19.8500003814697,3.48399996757507
2023-01-21,4070.56005859375,18.5100002288818,3.51799988746643
2023-01-28,4136.47998046875,18.3299999237061,3.53200006484985
2023-02-04,4090.4599609375,20.5300006866455,3.74399995803833
2023-02-11,4079.09008789062,20.0200004577637,3.82800006866455
2023-02-18,3970.0400390625,21.6700000762939,3.94899988174438
2023-02-25,4045.63989257812,18.4899997711182,3.96399998664856
2023-03-04,3861.59008789062,24.7999992370605,3.6949999332428
2023-03-11,3916.63989257812,25.5100002288818,3.39499998092651
2023-03-18,3970.98999023438,21.7399997711182,3.38000011444092
2023-03-25,4109.31005859375,18.7000007629395,3.49399995803833
2023-04-01,4105.02001953125,18.3999996185303,3.28800010681152
2023-04-08,4137.64013671875,17.0699996948242,3.5220000743866
2023-04-15,4133.52001953125,16.7700004577637,3.5699999332428
2023-04-22,4169.47998046875,15.7799997329712,3.45199990272522
2023-04-29,4136.25,17.1900005340576,3.44600009918213
2023-05-06,4124.080078125,17.0300006866455,3.46300005912781
2023-05-13,4191.97998046875,16.8099994659424,3.69199991226196
2023-05-20,4205.4501953125,17.9500007629395,3.80999994277954
2023-05-27,4282.3701171875,14.6000003814697,3.69099998474121
2023-06-03,4298.85986328125,13.8299999237061,3.74499988555908
2023-06-10,4409.58984375,13.539999961853,3.76900005340576
2023-06-17,4348.330078125,13.4399995803833,3.73900008201599
2023-06-24,4450.3798828125,13.5900001525879,3.81900000572205
2023-07-01,4398.9501953125,14.8299999237061,4.05000019073486
2023-07-08,4505.419921875,13.3400001525879,3.81900000572205
2023-07-15,4536.33984375,13.6000003814697,3.83699989318848
2023-07-22,4582.22998046875,13.3299999237061,3.96900010108948
2023-07-29,4478.02978515625,17.1000003814697,4.05999994277954
2023-08-05,4464.0498046875,14.8400001525879,4.16800022125244
2023-08-12,4369.7099609375,17.2999992370605,4.25099992752075
2023-08-19,4405.7099609375,15.6800003051758,4.23899984359741
2023-08-26,4515.77001953125,13.0900001525879,4.1729998588562
2023-09-02,4457.490234375,13.8400001525879,4.25799989700317
2023-09-09,4450.31982421875,13.789999961853,4.32200002670288
2023-09-16,4320.06005859375,17.2000007629395,4.43800020217896
2023-09-23,4288.0498046875,17.5200004577637,4.57299995422363
2023-09-30,4308.5,17.4500007629395,4.78399991989136
2023-10-07,4327.77978515625,19.3199996948242,4.62900018692017
2023-10-14,4224.16015625,21.7099990844727,4.92399978637695
2023-10-21,4117.3701171875,21.2700004577637,4.84499979019165
2023-10-28,4358.33984375,14.9099998474121,4.55800008773804
2023-11-04,4415.240234375,14.1700000762939,4.62799978256226
2023-11-11,4514.02001953125,13.8000001907349,4.44099998474121
2023-11-18,4559.33984375,12.460000038147,4.47200012207031
2023-11-25,4594.6298828125,12.6300001144409,4.22599983215332
2023-12-02,4604.3701171875,12.3500003814697,4.24499988555908
2023-12-09,4719.18994140625,12.2799997329712,3.92799997329712
2023-12-16,4754.6298828125,13.0299997329712,3.90100002288818
2023-12-23,4769.830078125,12.4499998092651,3.8659999370575
2023-12-30,4697.240234375,13.3500003814697,4.04199981689453
2024-01-06,4783.830078125,12.6999998092651,3.95000004768372
2024-01-13,4839.81005859375,13.3000001907349,4.14599990844727
2024-01-20,4890.97021484375,13.2600002288818,4.15999984741211
2024-01-27,4958.60986328125,13.8500003814697,4.03299999237061
2024-02-03,5026.60986328125,12.9300003051758,4.18699979782104
2024-02-10,5005.56982421875,14.2399997711182,4.29500007629395
2024-02-17,5088.7998046875,13.75,4.26000022888184
2024-02-24,5137.080078125,13.1099996566772,4.17999982833862
2024-03-02,5123.68994140625,14.7399997711182,4.08900022506714
2024-03-09,5117.08984375,14.4099998474121,4.30399990081787
2024-03-16,5234.18017578125,13.0600004196167,4.21799993515015
2024-03-23,5254.35009765625,13.0100002288818,4.20599985122681
2024-03-30,5204.33984375,16.0300006866455,4.37799978256226
2024-04-06,5123.41015625,17.3099994659424,4.49900007247925
2024-04-13,4967.22998046875,18.7099990844727,4.61499977111816
2024-04-20,5099.9599609375,15.0299997329712,4.66900014877319
2024-04-27,5127.7900390625,13.4899997711182,4.5
2024-05-04,5222.68017578125,12.5500001907349,4.50400018692017
2024-05-11,5303.27001953125,11.9899997711182,4.42000007629395
2024-05-18,5304.72021484375,11.9300003051758,4.46700000762939
2024-05-25,5277.509765625,12.9200000762939,4.51399993896484
2024-06-01,5346.990234375,12.2200002670288,4.42999982833862
2024-06-08,5431.60009765625,12.6599998474121,4.21299982070923
2024-06-15,5464.6201171875,13.1999998092651,4.25699996948242
2024-06-22,5460.47998046875,12.4399995803833,4.34299993515015
2024-06-29,5567.18994140625,12.4799995422363,4.27199983596802
2024-07-06,5615.35009765625,12.460000038147,4.18900012969971
2024-07-13,5505,16.5200004577637,4.23899984359741
2024-07-20,5459.10009765625,16.3899993896484,4.19999980926514
2024-07-27,5346.56005859375,23.3899993896484,3.79200005531311
2024-08-03,5344.16015625,20.3700008392334,3.94199991226196
2024-08-10,5554.25,14.8000001907349,3.89199995994568
2024-08-17,5634.60986328125,15.8599996566772,3.80699992179871
2024-08-24,5648.39990234375,15,3.91100001335144
2024-08-31,5408.419921875,22.3799991607666,3.71000003814697
2024-09-07,5626.02001953125,16.5599994659424,3.65000009536743
2024-09-14,5702.5498046875,16.1499996185303,3.7279999256134
2024-09-21,5738.169921875,16.9599990844727,3.74900007247925
2024-09-28,5751.06982421875,19.2099990844727,3.98099994659424
2024-10-05,5815.02978515625,20.4599990844727,4.07299995422363
2024-10-12,5864.669921875,18.0300006866455,4.07299995422363
2024-10-19,5808.1201171875,20.3299999237061,4.23199987411499
2024-10-26,5728.7998046875,21.8799991607666,4.36100006103516
2024-11-02,5995.5400390625,14.9399995803833,4.30600023269653
2024-11-09,5870.6201171875,16.1399993896484,4.42799997329712
2024-11-16,5969.33984375,15.2399997711182,4.40999984741211
2024-11-23,6032.3798828125,13.5100002288818,4.17799997329712
2024-11-30,6090.27001953125,12.7700004577637,4.15100002288818
2024-12-07,6051.08984375,13.8100004196167,4.39900016784668
2024-12-14,5930.85009765625,18.3600006103516,4.52400016784668
2024-12-21,5970.83984375,15.9499998092651,4.61899995803833
2024-12-28,5906.93994140625,17.3999996185303,4.54500007629395
